{"name":"enfoCAR - Gestión de Activos","short_name":"enfoCAR","description":"Aplicación moderna para gestión de activos vehiculares","start_url":"/","display":"standalone","background_color":"#4A90E2","theme_color":"#4A90E2","orientation":"portrait-primary","scope":"/","categories":["business","productivity","finance"],"lang":"es-CO","dir":"ltr","icons":[{"src":"/icons/icon-192.png","sizes":"192x192","type":"image/png","purpose":"any"},{"src":"/icons/icon-512.png","sizes":"512x512","type":"image/png","purpose":"any"},{"src":"/icons/icon-maskable-192.png","sizes":"192x192","type":"image/png","purpose":"maskable"},{"src":"/icons/icon-maskable-512.png","sizes":"512x512","type":"image/png","purpose":"maskable"}],"screenshots":[{"src":"/icons/icon-512.png","sizes":"512x512","type":"image/png","form_factor":"narrow"}],"shortcuts":[{"name":"Dashboard","short_name":"Dashboard","description":"Ver dashboard principal","url":"/dashboard","icons":[{"src":"/icons/icon-192.png","sizes":"192x192"}]},{"name":"Activos","short_name":"Activos","description":"Gestionar activos","url":"/dashboard/activos","icons":[{"src":"/icons/icon-192.png","sizes":"192x192"}]}]}